Instructor_ID,Name,Specialty,Assignable_Courses
I1,Mr. Whelster Esmade,Mobile Development,"CS PROF ELECT 10,PE 21,AR 101,CS Prof Elect 1"
I2,Dr. Ana Santos,Programming,"CC101,CC102,CC103,SDF 10,CS Elect 3-PD 1014"
I3,Prof. Juan Dela Cruz,Data Structures,"CC104,AL101,AL102,AR 101,CC 106"
I4,Ms. Maria Lopez,Software Engineering,"SE1,SE2,FIL1,PE 21,TH 102"
I5,Prof. Carlos Reyes,Databases,"CC105,CS PROF ELECT 2,Data Mining,GE - MM"
I6,Dr. Liza Gomez,Networks,"NC101,CS PROF ELECT 8,PE 12,PE 22"
I7,Prof. Roberto Aquino,Operating Systems,"OS101,CS PROF ELECT 9,CS Elect 1 - GV 101"
I8,Ms. Katrina Lim,Artificial Intelligence,"IS101,CS PROF ELECT 6,CS Elect 1 - GV 10,CS Prof Elect 5"
I9,Dr. Paolo Mendoza,Graphics & Visual Computing,"GV101,CS PROF ELECT 4,CS Prof Elect 3"
I10,Prof. Evelyn Cruz,Human Computer Interaction,"HCI101,PE 11,PE 22"
I11,Dr. Alberto Ramos,Mathematics,"DS101,DS102,STAT1,CS Elect 2 - IS 101,AL 2"
I12,Prof. Gemma Ong,Ethics and Rizal,"GE-E,RIZAL,SP1,SDF 104,CS Prof Elect 3,CS Prof Elect 5"
I13,Prof. Noel Santos,General Education,"GE-MM,GE-PH,GE-CW,GE-US,GE-PC"
I14,Ms. Rica Navarro,General Education,"GE-AA,GE-ST,CS Elect 2 - IS 101"
I15,Prof. Henry Yu,Algorithms & Automata,"AL101,AL102,PE 12,PE 22,"
I16,Dr. Francis Lim,Programming Languages,"PL1,CS PROF ELECT 7,CC 106"
I17,Prof. Joyce Herrera,Security,"IAS1,FIL1,FIL2,AL 2,CS Elect 3-PD 101,CS Prof Elect 1"
I18,Dr. Ramon Flores,Research & Thesis,"RES1,THS101,THS102,PE 12,TH 102"
I19,Prof. Katrina Diaz,Accounting & Business,"ACCT1,PAN1,FIL2"
I20,Prof. Eric Castillo,Practicum,"PRC101,PE 11,FIL2,CS Prof Elect 3,CC 106,TH 102"
