Room_ID,Name,Capacity,Type,Building
1,RM1,39,LAB,Building_A
2,RM1,40,LEC,Building_A
3,RM2,32,LAB,Building_A
4,RM2,30,LEC,Building_A
5,RM3,33,LAB,Building_A
6,RM3,36,LEC,Building_A
7,RM4,39,LEC,Building_B
8,RM5,38,LEC,Building_B
9,RM6,34,LEC,Building_B
10,RM7,40,LEC,Building_B
11,RM8,40,LEC,Building_B
12,RM9,37,LEC,Building_B
13,RM10,36,LEC,Building_C
14,RM11,34,LEC,Building_C
15,RM12,40,LEC,Building_C
16,RM13,35,LEC,Building_C
17,RM14,35,LEC,Building_C
18,RM15,35,LEC,Building_C
19,RM16,38,LEC,Building_C
20,RM17,35,LEC,Building_C