Slot_ID,Days,Start_Time,End_Time,Duration_Minutes,Allowed_Units
TS1,MW,07:30,08:00,30,1
TS2,MW,08:00,08:30,30,1
TS3,MW,08:30,09:00,30,1
TS4,MW,09:00,09:30,30,1
TS5,MW,09:30,10:00,30,1
TS6,MW,10:00,10:30,30,1
TS7,MW,10:30,11:00,30,1
TS8,MW,11:00,11:30,30,1
TS9,MW,11:30,12:00,30,1
TS10,MW,13:00,13:30,30,1-2
TS11,MW,13:30,14:00,30,1-2
TS12,MW,14:00,14:30,30,1-2
TS13,MW,14:30,15:00,30,1-2
TS14,TTh,07:30,08:00,30,1
TS15,TTh,08:00,08:30,30,1
TS16,TTh,08:30,09:00,30,1
TS17,TTh,09:00,09:30,30,1
TS18,TTh,09:30,10:00,30,1
TS19,TTh,10:30,11:00,30,2-3
TS20,TTh,11:00,11:30,30,2-3
TS21,TTh,11:30,12:00,30,2-3
TS22,TTh,13:00,13:30,30,1-2
TS23,TTh,13:30,14:00,30,1-2
TS24,TTh,14:00,14:30,30,1-2
TS25,TTh,14:30,15:00,30,1-2
TS26,TTh,15:00,15:30,30,1-2
TS27,TTh,15:30,16:00,30,1-2
TS28,TTh,16:00,16:30,30,1
TS29,TTh,16:30,17:00,30,1
TS30,F,08:00,08:30,30,2
TS31,F,08:30,09:00,30,2
TS32,F,09:00,09:30,30,2
TS33,F,09:30,10:00,30,2
TS34,F,11:00,11:30,30,1x
TS35,F,11:30,12:00,30,1x
TS36,F,13:00,13:30,30,2
TS37,F,13:30,14:00,30,2
TS38,F,14:00,14:30,30,2
TS39,F,14:30,15:00,30,2
TS40,F,17:00,17:30,30,2
TS41,F,17:30,18:00,30,2
TS42,F,18:00,18:30,30,2
TS43,F,18:30,19:00,30,2
TS44,MW,07:30,08:00,30,3
TS45,MW,08:00,08:30,30,3
TS46,MW,08:30,09:00,30,3
TS47,MW,09:00,09:30,30,3
TS48,MW,09:30,10:00,30,3
TS49,MW,10:00,10:30,30,3
TS50,MW,10:30,11:00,30,3
TS51,MW,11:00,11:30,30,3
TS52,MW,11:30,12:00,30,3
